Theta FuelTFUEL,$0.3535
QtumQTUM,$15.10
Binance CoinBNB,$467.96
TRONTRX,$0.1185
THETATHETA,$12.11
WavesWAVES,$15.50
RavencoinRVN,$0.1866
Crypto.com CoinCRO,$0.2117
ElrondEGLD,$239.25
KusamaKSM,$436.73
UNUS SED LEOLEO,$2.14
PolkadotDOT,$40.33
StellarXLM,$0.5911
OMG NetworkOMG,$9.78
USD CoinUSDC,$1.00
VeChainVET,$0.1354
NeoNEO,$65.18
TerraLUNA,$15.37
UMAUMA,$27.68
Ethereum ClassicETC,$20.20
THORChainRUNE,$11.53
Huobi TokenHT,$19.00
AaveAAVE,$364.79
0xZRX,$2.18
Basic Attention TokenBAT,$1.50
CelsiusCEL,$7.25
TetherUSDT,$0.9998
BitcoinBTC,"$59,552.59"
ChilizCHZ,$0.4464
Enjin CoinENJ,$3.02
Bitcoin GoldBTG,$124.48
CompoundCOMP,$445.03
MoneroXMR,$295.84
HoloHOT,$0.01816
UniswapUNI,$29.94
NEMXEM,$0.4372
SushiSwapSUSHI,$14.15
SolanaSOL,$25.92
Hedera HashgraphHBAR,$0.3634
TezosXTZ,$6.45
ICONICX,$2.51
XRPXRP,$1.33
FilecoinFIL,$175.38
PolygonMATIC,$0.3608
PancakeSwapCAKE,$22.79
OntologyONT,$1.95
KlaytnKLAY,$2.98
HeliumHNT,$16.50
Bitcoin CashBCH,$688.01
AvalancheAVAX,$31.30
StacksSTX,$1.87
NEAR ProtocolNEAR,$7.01
IOTAMIOTA,$2.00
The GraphGRT,$1.84
BitTorrentBTT,$0.008013
HarmonyONE,$0.1491
SynthetixSNX,$18.99
FTX TokenFTT,$48.46
DaiDAI,$1.00
Bitcoin BEP2BTCB,"$59,364.48"
Bitcoin SVBSV,$273.92
AlgorandALGO,$1.42
Wrapped BitcoinWBTC,"$59,588.53"
Binance USDBUSD,$1.00
DashDASH,$286.89
EOSEOS,$6.73
DogecoinDOGE,$0.07421
LitecoinLTC,$254.53
ZilliqaZIL,$0.2021
NexoNEXO,$2.90
CardanoADA,$1.27
CosmosATOM,$21.58
ZcashZEC,$218.87
DecentralandMANA,$1.10
yearn.financeYFI,"$45,873.39"
DecredDCR,$195.30
EthereumETH,"$2,140.69"
ChainlinkLINK,$32.44
MakerMKR,"$2,224.96"
TerraUSDUST,$0.9969
BancorBNT,$7.06
KuCoin TokenKCS,$15.63
FlowFLOW,$33.24
Pundi X[old]NPXS,$0.004956
SiacoinSC,$0.02685
RevainREV,$0.0129
SwissBorgCHSB,$1.05
ArweaveAR,$28.26
ArdorARDR,$0.5019
IOSTIOST,$0.0561
LiskLSK,$6.72
Conflux NetworkCFX,$1.21
VelasVLX,$0.1931
QuantQNT,$39.35
Paxos StandardPAX,$1.00
WINkWIN,$0.001359
HorizenZEN,$76.24
SKALE NetworkSKL,$0.6883
VergeXVG,$0.04305
NanoNANO,$5.94
The SandboxSAND,$0.657
HedgeTradeHEDG,$1.75
OrbsORBS,$0.1739
FUNTokenFUN,$0.04297
,
Ocean ProtocolOCEAN,$1.75
Nervos NetworkCKB,$0.03034
LivepeerLPT,$31.24
,
,
BitSharesBTS,$0.1245
Origin ProtocolOGN,$2.56
,
MediBlocMED,$0.1597
Fetch.aiFET,$0.6298
,
Alpha Finance LabALPHA,$1.60
,
StormXSTMX,$0.06954
StatusSNT,$0.1983
,
,
,
,
,
,
NumeraireNMR,$72.82
,
,
,
,
,
,
,
,
,
,
GolemGLM,$0.5593
,
,
Badger DAOBADGER,$41.94
,
,
,
,
,
AugurREP,$49.06
KinKIN,$0.0003377
,
,
,
,
,
,
,
,
,
,
,
,
,
,
,
,
,
,
,
,
,
,
,
,
,
,
,
,
,
,
VeThor TokenVTHO,$0.01604
,
,
,
,
,
,
,
,
OKBOKB,$20.65
,
,
,
,
,
,
DigiByteDGB,$0.08948
DentDENT,$0.01336
RenREN,$1.07
,
Reserve RightsRSR,$0.08627
FantomFTM,$0.4367
,"$59,552.59"
,"$2,139.53"
,$467.96
,$1.31
,$0.9996
,$1.26
,"$59,552.59"
,"$2,139.53"
,$467.96
,$1.31
,$0.9996
,$1.26
,$40.33
B,"$59,552.59"
E,"$2,139.53"
B,$468.74
X,$1.31
T,$0.9996
C,$1.26
P,$40.33
BitcoinBTC,"$59,552.59"
EthereumETH,"$2,139.53"
Binance CoinBNB,$468.74
XRPXRP,$1.31
TetherUSDT,$0.9996
BitcoinBTC,"$59,580.50"
EthereumETH,"$2,142.83"
Binance CoinBNB,$468.74
XRPXRP,$1.33
BitcoinBTC,"$59,644.41"
EthereumETH,"$2,143.61"
Binance CoinBNB,$471.33
XRPXRP,$1.35
BitcoinBTC,"$59,644.41"
EthereumETH,"$2,143.61"
Binance CoinBNB,$471.33
XRPXRP,$1.35
TetherUSDT,$0.9996
BitcoinBTC,"$59,723.04"
EthereumETH,"$2,143.61"
Binance CoinBNB,$471.33
XRPXRP,$1.35
TetherUSDT,$0.9996
CardanoADA,$1.26
