Брэнд,Наименование,Цена,Старая цена,Скидка,Ссылка
Сушилка для обуви,Сушка для обуви,758 ₽,1 715 ₽,-55%,https://www.wildberries.ru/catalog/19940578/detail.aspx?targetUrl=GP
Genio,Робот-пылесос Deluxe 500 / 50 Вт,17 912 ₽,30 990 ₽,-42%,https://www.wildberries.ru/catalog/6790848/detail.aspx?targetUrl=GP
Xiaomi,Робот-пылесос SKV4136GL/40 W,14 990 ₽,-,0%,https://www.wildberries.ru/catalog/14444933/detail.aspx?targetUrl=GP
Polaris,Робот-пылесос PVCR0726W/25 Вт,13 990 ₽,21 860 ₽,-36%,https://www.wildberries.ru/catalog/6170053/detail.aspx?targetUrl=GP
Philips,Отпариватель GC486/30 / 1800 Вт,4 986 ₽,9 590 ₽,-48%,https://www.wildberries.ru/catalog/12991071/detail.aspx?targetUrl=GP
Xiaomi,Робот-пылесос Mi Robot Vacuum EU/2500 Вт,20 990 ₽,-,0%,https://www.wildberries.ru/catalog/11541968/detail.aspx?targetUrl=GP
Philips,Утюг,3 775 ₽,8 390 ₽,-55%,https://www.wildberries.ru/catalog/15621985/detail.aspx?targetUrl=GP
Nozolux,Очиститель воздуха Air / 5 Вт,5 202 ₽,10 200 ₽,-49%,https://www.wildberries.ru/catalog/19169818/detail.aspx?targetUrl=GP
Philips,Пылесос,12 995 ₽,25 990 ₽,-50%,https://www.wildberries.ru/catalog/5616296/detail.aspx?targetUrl=GP
Polaris,Робот-пылесос PVCR0826/25 Вт,13 990 ₽,21 860 ₽,-36%,https://www.wildberries.ru/catalog/6170054/detail.aspx?targetUrl=GP
dBot,Робот-стеклоочиститель W120,11 464 ₽,15 492 ₽,-26%,https://www.wildberries.ru/catalog/13891840/detail.aspx?targetUrl=GP
Polaris,Пылесос,15 839 ₽,32 999 ₽,-52%,https://www.wildberries.ru/catalog/11088253/detail.aspx?targetUrl=GP
Xiaomi.,Машинка против катышек,1 372 ₽,1 830 ₽,-25%,https://www.wildberries.ru/catalog/14523885/detail.aspx?targetUrl=GP
Polaris,Робот-пылесос PVCR0926W/25 Вт,13 990 ₽,21 860 ₽,-36%,https://www.wildberries.ru/catalog/5163995/detail.aspx?targetUrl=GP
Philips,Пылесос,5 929 ₽,13 790 ₽,-57%,https://www.wildberries.ru/catalog/13619292/detail.aspx?targetUrl=GP
Xiaomi,Робот-пылесос Mi Robot Vacuum-Mop P/33 Вт,30 990 ₽,-,0%,https://www.wildberries.ru/catalog/11834040/detail.aspx?targetUrl=GP
Philips,Утюг,1 797 ₽,5 990 ₽,-70%,https://www.wildberries.ru/catalog/5688376/detail.aspx?targetUrl=GP
Philips,Отпариватель GC300/20/1000 Вт,1 796 ₽,4 490 ₽,-60%,https://www.wildberries.ru/catalog/5222708/detail.aspx?targetUrl=GP
Philips,Пылесос,11 544 ₽,20 990 ₽,-45%,https://www.wildberries.ru/catalog/4031826/detail.aspx?targetUrl=GP
Gorenje,Пылесос,4 454 ₽,8 249 ₽,-46%,https://www.wildberries.ru/catalog/8588114/detail.aspx?targetUrl=GP
Polaris,Увлажнитель,6 399 ₽,19 999 ₽,-68%,https://www.wildberries.ru/catalog/12888079/detail.aspx?targetUrl=GP
Tefal,Пылесос,8 954 ₽,15 990 ₽,-44%,https://www.wildberries.ru/catalog/10212772/detail.aspx?targetUrl=GP
Polaris,Увлажнитель,3 509 ₽,4 499 ₽,-22%,https://www.wildberries.ru/catalog/9290808/detail.aspx?targetUrl=GP
Xiaomi.,Машинка против катышек,1 292 ₽,1 390 ₽,-7%,https://www.wildberries.ru/catalog/19496870/detail.aspx?targetUrl=GP
Polaris,Робот-пылесос 102/25 Вт,10 749 ₽,24 999 ₽,-57%,https://www.wildberries.ru/catalog/12395032/detail.aspx?targetUrl=GP
Philips,Пылесос,10 994 ₽,19 990 ₽,-45%,https://www.wildberries.ru/catalog/2840329/detail.aspx?targetUrl=GP
Karcher,Пылесос,10 000 ₽,10 990 ₽,-9%,https://www.wildberries.ru/catalog/5836814/detail.aspx?targetUrl=GP
Polaris,Робот-пылесос 40 Вт,25 999 ₽,39 999 ₽,-35%,https://www.wildberries.ru/catalog/17971303/detail.aspx?targetUrl=GP
VIXTER,Отпариватель 1500 Вт,2 235 ₽,3 439 ₽,-35%,https://www.wildberries.ru/catalog/13115537/detail.aspx?targetUrl=GP
dBot,Робот-стеклоочиститель W100,9 463 ₽,12 789 ₽,-26%,https://www.wildberries.ru/catalog/13891839/detail.aspx?targetUrl=GP
REDMOND,Робот-пылесос 25 Вт,10 794 ₽,19 990 ₽,-46%,https://www.wildberries.ru/catalog/12507082/detail.aspx?targetUrl=GP
Braun,Парогенератор IS 3042 WH,9 114 ₽,15 990 ₽,-43%,https://www.wildberries.ru/catalog/5756159/detail.aspx?targetUrl=GP
Philips,Пылесос,11 014 ₽,18 990 ₽,-42%,https://www.wildberries.ru/catalog/7087771/detail.aspx?targetUrl=GP
Samsung,Пылесос,3 681 ₽,4 490 ₽,-18%,https://www.wildberries.ru/catalog/6938091/detail.aspx?targetUrl=GP
GALAXY,Пылесос,2 034 ₽,2 949 ₽,-31%,https://www.wildberries.ru/catalog/5044562/detail.aspx?targetUrl=GP
Karcher,Стеклоочиститель электрический WV 50,3 967 ₽,5 290 ₽,-25%,https://www.wildberries.ru/catalog/6298513/detail.aspx?targetUrl=GP
Gorenje,Пылесос,2 964 ₽,5 490 ₽,-46%,https://www.wildberries.ru/catalog/7869647/detail.aspx?targetUrl=GP
Bosch,Пылесос,15 737 ₽,18 299 ₽,-14%,https://www.wildberries.ru/catalog/12957955/detail.aspx?targetUrl=GP
Dyson,Пылесос,25 990 ₽,32 899 ₽,-21%,https://www.wildberries.ru/catalog/10066990/detail.aspx?targetUrl=GP
Швейная Техника Comfort,Швейная машина,6 390 ₽,11 411 ₽,-44%,https://www.wildberries.ru/catalog/19940739/detail.aspx?targetUrl=GP
Scarlett,Робот-пылесос SC-VC80R21/15 Вт,5 999 ₽,7 999 ₽,-25%,https://www.wildberries.ru/catalog/8509262/detail.aspx?targetUrl=GP
Binatone,Отпариватель BINATONE GS-619 WG/1800 Вт,2 990 ₽,4 600 ₽,-35%,https://www.wildberries.ru/catalog/14585771/detail.aspx?targetUrl=GP
Samsung,Пылесос,6 795 ₽,8 390 ₽,-19%,https://www.wildberries.ru/catalog/5263422/detail.aspx?targetUrl=GP
Scarlett,Пылесос,1 709 ₽,2 999 ₽,-43%,https://www.wildberries.ru/catalog/9514141/detail.aspx?targetUrl=GP
Bosch,Пылесос,16 814 ₽,28 990 ₽,-42%,https://www.wildberries.ru/catalog/9017233/detail.aspx?targetUrl=GP
muben,Робот-пылесос Smart Bot/40 Вт,17 990 ₽,23 987 ₽,-25%,https://www.wildberries.ru/catalog/19348088/detail.aspx?targetUrl=GP
Tefal,Пылесос,15 949 ₽,27 499 ₽,-42%,https://www.wildberries.ru/catalog/10212653/detail.aspx?targetUrl=GP
Gorenje,Пылесос,3 439 ₽,6 490 ₽,-47%,https://www.wildberries.ru/catalog/13623962/detail.aspx?targetUrl=GP
Xiaomi.,Робот-пылесос Xiaomi Mijia G1 Sweeping Vacuum Cleaner MJSTG1/25 Вт,13 195 ₽,29 990 ₽,-56%,https://www.wildberries.ru/catalog/21604743/detail.aspx?targetUrl=GP
Тимсон,Сушка для обуви 2416,827 ₽,890 ₽,-7%,https://www.wildberries.ru/catalog/2654554/detail.aspx?targetUrl=GP
Polaris,Пылесос,7 394 ₽,14 499 ₽,-49%,https://www.wildberries.ru/catalog/19669868/detail.aspx?targetUrl=GP
Xiaomi,Очиститель воздуха Mi Air Purifier Pro EU,14 951 ₽,16 990 ₽,-12%,https://www.wildberries.ru/catalog/6854395/detail.aspx?targetUrl=GP
Philips,Парогенератор GC7805/20,8 595 ₽,19 990 ₽,-57%,https://www.wildberries.ru/catalog/7683543/detail.aspx?targetUrl=GP
Philips,Пылесос,8 254 ₽,13 990 ₽,-41%,https://www.wildberries.ru/catalog/5099378/detail.aspx?targetUrl=GP
Швейная Техника Comfort,Швейная машина,7 972 ₽,16 874 ₽,-52%,https://www.wildberries.ru/catalog/16700314/detail.aspx?targetUrl=GP
Samsung,Пылесос,6 652 ₽,8 990 ₽,-26%,https://www.wildberries.ru/catalog/3960905/detail.aspx?targetUrl=GP
BBK,Пылесос,1 847 ₽,2 399 ₽,-23%,https://www.wildberries.ru/catalog/6957584/detail.aspx?targetUrl=GP
Scarlett,Робот-пылесос SC-VC80R20/15 Вт,6 224 ₽,8 299 ₽,-25%,https://www.wildberries.ru/catalog/8509261/detail.aspx?targetUrl=GP
LG,"Стиральная машина с фронтальной загрузкой/F10B8MD/5,5 кг",23 990 ₽,-,0%,https://www.wildberries.ru/catalog/13057534/detail.aspx?targetUrl=GP
Xiaomi,Пылесос,18 031 ₽,21 990 ₽,-18%,https://www.wildberries.ru/catalog/18513055/detail.aspx?targetUrl=GP
Машинка для удаления катышков от сети NIKAI,Машинка против катышек NK-8808/машинка для катышков/машинка для удаления катышков/машинка против катышков/машинка для удаления катышек/Триммер для одежды/машинка от катышек,831 ₽,10 938 ₽,-92%,https://www.wildberries.ru/catalog/22934538/detail.aspx?targetUrl=GP
Xiaomi,Увлажнитель,4 017 ₽,7 531 ₽,-46%,https://www.wildberries.ru/catalog/19899072/detail.aspx?targetUrl=GP
Xiaomi Deerma,Машинка против катышек DEM-MQ811,1 591 ₽,2 340 ₽,-32%,https://www.wildberries.ru/catalog/17340531/detail.aspx?targetUrl=GP
Samsung,Пылесос,5 242 ₽,6 990 ₽,-25%,https://www.wildberries.ru/catalog/3960904/detail.aspx?targetUrl=GP
Polaris,Пылесос,7 379 ₽,8 999 ₽,-18%,https://www.wildberries.ru/catalog/12632908/detail.aspx?targetUrl=GP
Tefal,Пылесос,7 494 ₽,12 490 ₽,-40%,https://www.wildberries.ru/catalog/9451746/detail.aspx?targetUrl=GP
Electrolux,Увлажнитель,5 990 ₽,-,0%,https://www.wildberries.ru/catalog/14481551/detail.aspx?targetUrl=GP
Polaris,Парогенератор PSS7520K,5 114 ₽,16 499 ₽,-69%,https://www.wildberries.ru/catalog/11806516/detail.aspx?targetUrl=GP
Polaris,Утюг,1 594 ₽,2 899 ₽,-45%,https://www.wildberries.ru/catalog/17818110/detail.aspx?targetUrl=GP
Nikai,Машинка против катышек NK-8808,833 ₽,3 969 ₽,-79%,https://www.wildberries.ru/catalog/10067028/detail.aspx?targetUrl=GP
BBK,Пылесос,1 691 ₽,1 900 ₽,-11%,https://www.wildberries.ru/catalog/11841614/detail.aspx?targetUrl=GP
BBK,Пылесос,1 691 ₽,1 900 ₽,-11%,https://www.wildberries.ru/catalog/6017905/detail.aspx?targetUrl=GP
Швейная Техника Comfort,Оверлок,11 990 ₽,21 411 ₽,-44%,https://www.wildberries.ru/catalog/23148124/detail.aspx?targetUrl=GP
Xiaomi,Робот-пылесос,21 999 ₽,29 100 ₽,-24%,https://www.wildberries.ru/catalog/16193025/detail.aspx?targetUrl=GP
Scarlett,Пылесос,1 719 ₽,3 999 ₽,-57%,https://www.wildberries.ru/catalog/10229528/detail.aspx?targetUrl=GP
Karcher,Пароочиститель SC 1/1200 Вт,6 367 ₽,8 490 ₽,-25%,https://www.wildberries.ru/catalog/6298511/detail.aspx?targetUrl=GP
Samsung,Пылесос,4 337 ₽,5 290 ₽,-18%,https://www.wildberries.ru/catalog/5998954/detail.aspx?targetUrl=GP
Sharp,Мойка воздуха KCF31RW,17 916 ₽,23 889 ₽,-25%,https://www.wildberries.ru/catalog/15166481/detail.aspx?targetUrl=GP
Scarlett,Пылесос,4 001 ₽,6 899 ₽,-42%,https://www.wildberries.ru/catalog/7598615/detail.aspx?targetUrl=GP
Candy,Пылесос,4 472 ₽,5 590 ₽,-20%,https://www.wildberries.ru/catalog/13917816/detail.aspx?targetUrl=GP
Tefal,Пылесос,29 799 ₽,-,0%,https://www.wildberries.ru/catalog/12055031/detail.aspx?targetUrl=GP
Uniel,Лампочка,366 ₽,684 ₽,-46%,https://www.wildberries.ru/catalog/4615831/detail.aspx?targetUrl=GP
Thomas,Пылесос,24 569 ₽,26 999 ₽,-9%,https://www.wildberries.ru/catalog/3472765/detail.aspx?targetUrl=GP
HOBOT,Робот-стеклоочиститель,18 990 ₽,-,0%,https://www.wildberries.ru/catalog/18641954/detail.aspx?targetUrl=GP
Eisenhoff,Парогенератор,19 929 ₽,21 900 ₽,-9%,https://www.wildberries.ru/catalog/12851140/detail.aspx?targetUrl=GP
Samsung,Пылесос,5 239 ₽,6 390 ₽,-18%,https://www.wildberries.ru/catalog/3949518/detail.aspx?targetUrl=GP
Samsung,Пылесос,4 284 ₽,5 290 ₽,-19%,https://www.wildberries.ru/catalog/6938092/detail.aspx?targetUrl=GP
LG,Стиральная машина с фронтальной загрузкой/F1096SD3/4 кг,25 990 ₽,-,0%,https://www.wildberries.ru/catalog/13057533/detail.aspx?targetUrl=GP
Karcher,Пароочиститель SC 2 Deluxe EasyFix/1500 Вт,12 990 ₽,-,0%,https://www.wildberries.ru/catalog/7372458/detail.aspx?targetUrl=GP
Polaris,Увлажнитель,1 511 ₽,2 099 ₽,-28%,https://www.wildberries.ru/catalog/5078260/detail.aspx?targetUrl=GP
Bosch,Пылесос,20 531 ₽,23 599 ₽,-13%,https://www.wildberries.ru/catalog/8714778/detail.aspx?targetUrl=GP
Xiaomi,Машинка против катышек,1 144 ₽,1 331 ₽,-14%,https://www.wildberries.ru/catalog/23612831/detail.aspx?targetUrl=GP
Polaris,Пылесос,8 469 ₽,10 999 ₽,-23%,https://www.wildberries.ru/catalog/17690602/detail.aspx?targetUrl=GP
Polaris,Отпариватель 2000 Вт,7 919 ₽,16 499 ₽,-52%,https://www.wildberries.ru/catalog/13018998/detail.aspx?targetUrl=GP
Xiaomi,Пылесос,18 990 ₽,27 129 ₽,-30%,https://www.wildberries.ru/catalog/19170955/detail.aspx?targetUrl=GP
Polaris,Робот-пылесос 40 Вт,18 199 ₽,39 999 ₽,-54%,https://www.wildberries.ru/catalog/19358637/detail.aspx?targetUrl=GP
Philips,Парогенератор GC8752/30,15 035 ₽,31 990 ₽,-53%,https://www.wildberries.ru/catalog/16476486/detail.aspx?targetUrl=GP
Polaris,Утюг,3 014 ₽,4 499 ₽,-33%,https://www.wildberries.ru/catalog/10139349/detail.aspx?targetUrl=GP
SHIVAKI,Пылесос,7 371 ₽,8 990 ₽,-18%,https://www.wildberries.ru/catalog/12223853/detail.aspx?targetUrl=GP
BBK,Пылесос,1 839 ₽,2 299 ₽,-20%,https://www.wildberries.ru/catalog/6957583/detail.aspx?targetUrl=GP
Konka,Отпариватель 1500 Ватт,2 399 ₽,4 999 ₽,-52%,https://www.wildberries.ru/catalog/18953783/detail.aspx?targetUrl=GP
Karcher,Стеклоочиститель электрический WV 2 Premium,5 990 ₽,-,0%,https://www.wildberries.ru/catalog/8376509/detail.aspx?targetUrl=GP
Comfee,Робот-пылесос,5 990 ₽,-,0%,https://www.wildberries.ru/catalog/18211579/detail.aspx?targetUrl=GP
